estimate,currency,line,environment,component,service,sku,run_months_per_year,daily,weekly,monthly,annual,cite,price_source
corportal-portfolio,USD,item,Dev,AKS system node,Virtual Machines,Standard_D4s_v5,12,1.39,9.72,42.24,506.88,_bmad-output/specs/spec-corporate-portal-poc/stack.md AKS with Node Auto Provisioning,"Azure Retail Prices API, Virtual Machines Dsv5 Series / D4s v5, westus3, USD per 1 Hour, meterId a7d0753e-6fcd-5b61-8b6e-4727c10691a1, fetched 2026-09-30"
corportal-portfolio,USD,item,Dev,AKS spot service nodes,Virtual Machines,Standard_D4s_v5 Spot,12,0.51,3.6,15.66,187.95,_bmad-output/specs/spec-corporate-portal-poc/stack.md spot nodes for services during development,"Azure Retail Prices API, Virtual Machines Dsv5 Series / D4s v5 Spot, westus3, USD per 1 Hour, meterId 6e242d37-4313-55fe-aa86-eb489f126a81, fetched 2026-09-30"
corportal-portfolio,USD,item,Dev,Azure SQL ledger (Basic),SQL Database,Basic 5 DTU,12,0.16,1.13,4.9,58.77,_bmad-output/specs/spec-corporate-portal-poc/stack.md Basic tier during development,"Azure Retail Prices API, SQL Database Single Basic / B DTU, westus3, USD per 1/Day, meterId cae64797-9ecf-4906-b517-6238c80c045f, fetched 2026-09-30"
corportal-portfolio,USD,item,Dev,Event Hubs namespace,Event Hubs,"Standard, 1 TU",12,0.72,5.04,21.9,262.8,"_bmad-output/specs/spec-corporate-portal-poc/stack.md Event Hubs Standard (1 TU, 7-day retention)","Azure Retail Prices API, Event Hubs / Standard Throughput Unit, westus3, USD per 1 Hour, meterId 62d94a65-9300-48a6-8c15-0e70fc41eb44, fetched 2026-09-30"
corportal-portfolio,USD,item,Dev,Databricks jobs compute (DBU),Azure Databricks,Premium Jobs Compute,12,0.39,2.76,12.0,144.0,_bmad-output/specs/spec-corporate-portal-poc/stack.md Databricks Premium:,"Azure Retail Prices API, Azure Databricks / Premium Jobs Compute DBU, westus3, USD per 1 Hour, meterId 8ee07b23-82ae-430e-a417-a050463ff4ee, fetched 2026-09-30"
corportal-portfolio,USD,item,Dev,Databricks cluster VM,Virtual Machines,Standard_D4s_v5,12,0.25,1.77,7.68,92.16,"_bmad-output/specs/spec-corporate-portal-poc/stack.md Cluster policy: single node, smallest VM, auto-stop after 10 minutes","Azure Retail Prices API, Virtual Machines Dsv5 Series / D4s v5, westus3, USD per 1 Hour, meterId a7d0753e-6fcd-5b61-8b6e-4727c10691a1, fetched 2026-09-30"
corportal-portfolio,USD,item,Dev,Data lake (ADLS Gen2),Storage,"Hot LRS, hierarchical namespace",12,0.06,0.42,1.84,22.08,_bmad-output/specs/spec-corporate-portal-poc/stack.md Medallion: ADLS Gen2,"Azure Retail Prices API, Azure Data Lake Storage Gen2 Hierarchical Namespace / Hot LRS Data Stored, westus3, USD per 1 GB/Month, meterId 08da9c52-d07e-566a-8952-89c0e93464b6, fetched 2026-09-30"
corportal-portfolio,USD,item,Dev,Key Vault operations,Key Vault,Standard,12,0.01,0.07,0.3,3.6,_bmad-output/specs/spec-corporate-portal-poc/stack.md HashiCorp Vault for app secrets,"Azure Retail Prices API, Key Vault / Operations (Standard), westus3, USD per 10K, meterId 0f824807-2376-435c-95c9-f992b67a07b0, fetched 2026-09-30"
corportal-portfolio,USD,item,Dev,Private endpoints,Virtual Network,Standard Private Endpoint,12,0.96,6.72,29.2,350.4,"_bmad-output/specs/spec-corporate-portal-poc/stack.md Private endpoints: ADLS, SQL, Key Vault and Event Hubs","Azure Retail Prices API, Virtual Network Private Link / Standard Private Endpoint, Global, USD per 1 Hour, meterId e6ab7238-e433-4fe0-a2b2-2b2564df2cdb, fetched 2026-09-30"
corportal-portfolio,USD,item,Dev,Private endpoint data processed,Virtual Network,Private Link data processed,12,0.01,0.05,0.2,2.4,"_bmad-output/specs/spec-corporate-portal-poc/stack.md Private endpoints: ADLS, SQL, Key Vault and Event Hubs","Azure Retail Prices API, Virtual Network Private Link / Standard Data Processed - Ingress, Global, USD per 1 GB, meterId 10caa28b-6479-4852-9eb7-610870cb6417, fetched 2026-09-30"
corportal-portfolio,USD,item,Dev,Private DNS zones,Azure DNS,Private Zone,12,0.07,0.46,2.0,24.0,"_bmad-output/specs/spec-corporate-portal-poc/stack.md Private endpoints: ADLS, SQL, Key Vault and Event Hubs","Azure Retail Prices API, Azure DNS / Private Zone, Zone 1, USD per 1, meterId 0b608a26-f611-4232-8192-ce81b6b57194, fetched 2026-09-30"
corportal-portfolio,USD,item,Dev,NAT gateway (Databricks egress),NAT Gateway,Standard,12,1.08,7.56,32.85,394.2,_bmad-output/specs/spec-corporate-portal-poc/stack.md VNet-injected with a NAT gateway,"Azure Retail Prices API, NAT Gateway / Standard Gateway, Global, USD per 1 Hour, meterId ae30040a-67f5-485b-b0f4-a6ef50504d9c, fetched 2026-09-30"
corportal-portfolio,USD,item,Dev,NAT gateway data processed,NAT Gateway,Standard data processed,12,0.03,0.21,0.9,10.8,_bmad-output/specs/spec-corporate-portal-poc/stack.md VNet-injected with a NAT gateway,"Azure Retail Prices API, NAT Gateway / Standard Data Processed, Global, USD per 1 GB, meterId d32b6352-b66b-4c4c-8f21-60e94058e04d, fetched 2026-09-30"
corportal-portfolio,USD,item,Dev,Kong ingress load balancer,Load Balancer,Standard,12,0.6,4.2,18.25,219.0,_bmad-output/specs/spec-corporate-portal-poc/stack.md Kong OSS as the API gateway (ingress),"Azure Retail Prices API, Load Balancer / Standard Included LB Rules and Outbound Rules, Global, USD per 1 Hour, meterId 27827eb0-7f60-4928-940b-f5fe15e7a4cb, fetched 2026-09-30"
corportal-portfolio,USD,item,Dev,Ingress public IPs,Virtual Network,Standard IPv4 static,12,0.12,0.84,3.65,43.8,_bmad-output/specs/spec-corporate-portal-poc/stack.md Kong OSS as the API gateway (ingress),"Azure Retail Prices API, IP Addresses / Standard IPv4 Static Public IP, westus3, USD per 1 Hour, meterId 9c150bf9-2bad-430e-a53c-c213804f49ef, fetched 2026-09-30"
corportal-portfolio,USD,environment total,Dev,,,,12,6.36,44.55,193.57,2322.84,,
corportal-portfolio,USD,item,Test,AKS nodes,Virtual Machines,Standard_D4s_v5,12,3.28,22.98,99.84,1198.08,_bmad-output/specs/spec-corporate-portal-poc/stack.md AKS with Node Auto Provisioning,"Azure Retail Prices API, Virtual Machines Dsv5 Series / D4s v5, westus3, USD per 1 Hour, meterId a7d0753e-6fcd-5b61-8b6e-4727c10691a1, fetched 2026-09-30"
corportal-portfolio,USD,item,Test,Azure SQL ledger (S1),SQL Database,Standard S1 20 DTU,12,0.97,6.77,29.43,353.21,"_bmad-output/specs/spec-corporate-portal-poc/stack.md Operational ledger, including payment approval state and an outbox table","Azure Retail Prices API, SQL Database Single Standard / S1 DTUs, westus3, USD per 1/Day, meterId 54c6bbf3-322b-406d-8411-101bc4b9443a, fetched 2026-09-30"
corportal-portfolio,USD,item,Test,Event Hubs namespace,Event Hubs,"Standard, 1 TU",12,0.72,5.04,21.9,262.8,"_bmad-output/specs/spec-corporate-portal-poc/stack.md Event Hubs Standard (1 TU, 7-day retention)","Azure Retail Prices API, Event Hubs / Standard Throughput Unit, westus3, USD per 1 Hour, meterId 62d94a65-9300-48a6-8c15-0e70fc41eb44, fetched 2026-09-30"
corportal-portfolio,USD,item,Test,Databricks jobs compute (DBU),Azure Databricks,Premium Jobs Compute,12,0.59,4.14,18.0,216.0,_bmad-output/specs/spec-corporate-portal-poc/stack.md Databricks Premium:,"Azure Retail Prices API, Azure Databricks / Premium Jobs Compute DBU, westus3, USD per 1 Hour, meterId 8ee07b23-82ae-430e-a417-a050463ff4ee, fetched 2026-09-30"
corportal-portfolio,USD,item,Test,Databricks cluster VM,Virtual Machines,Standard_D4s_v5,12,0.38,2.65,11.52,138.24,_bmad-output/specs/spec-corporate-portal-poc/stack.md Databricks Premium:,"Azure Retail Prices API, Virtual Machines Dsv5 Series / D4s v5, westus3, USD per 1 Hour, meterId a7d0753e-6fcd-5b61-8b6e-4727c10691a1, fetched 2026-09-30"
corportal-portfolio,USD,item,Test,Data lake (ADLS Gen2),Storage,"Hot LRS, hierarchical namespace",12,0.12,0.85,3.68,44.16,_bmad-output/specs/spec-corporate-portal-poc/stack.md Medallion: ADLS Gen2,"Azure Retail Prices API, Azure Data Lake Storage Gen2 Hierarchical Namespace / Hot LRS Data Stored, westus3, USD per 1 GB/Month, meterId 08da9c52-d07e-566a-8952-89c0e93464b6, fetched 2026-09-30"
corportal-portfolio,USD,item,Test,Key Vault operations,Key Vault,Standard,12,0.02,0.14,0.6,7.2,_bmad-output/specs/spec-corporate-portal-poc/stack.md HashiCorp Vault for app secrets,"Azure Retail Prices API, Key Vault / Operations (Standard), westus3, USD per 10K, meterId 0f824807-2376-435c-95c9-f992b67a07b0, fetched 2026-09-30"
corportal-portfolio,USD,item,Test,Private endpoints,Virtual Network,Standard Private Endpoint,12,0.96,6.72,29.2,350.4,"_bmad-output/specs/spec-corporate-portal-poc/stack.md Private endpoints: ADLS, SQL, Key Vault and Event Hubs","Azure Retail Prices API, Virtual Network Private Link / Standard Private Endpoint, Global, USD per 1 Hour, meterId e6ab7238-e433-4fe0-a2b2-2b2564df2cdb, fetched 2026-09-30"
corportal-portfolio,USD,item,Test,Private endpoint data processed,Virtual Network,Private Link data processed,12,0.01,0.09,0.4,4.8,"_bmad-output/specs/spec-corporate-portal-poc/stack.md Private endpoints: ADLS, SQL, Key Vault and Event Hubs","Azure Retail Prices API, Virtual Network Private Link / Standard Data Processed - Ingress, Global, USD per 1 GB, meterId 10caa28b-6479-4852-9eb7-610870cb6417, fetched 2026-09-30"
corportal-portfolio,USD,item,Test,Private DNS zones,Azure DNS,Private Zone,12,0.07,0.46,2.0,24.0,"_bmad-output/specs/spec-corporate-portal-poc/stack.md Private endpoints: ADLS, SQL, Key Vault and Event Hubs","Azure Retail Prices API, Azure DNS / Private Zone, Zone 1, USD per 1, meterId 0b608a26-f611-4232-8192-ce81b6b57194, fetched 2026-09-30"
corportal-portfolio,USD,item,Test,NAT gateway (Databricks egress),NAT Gateway,Standard,12,1.08,7.56,32.85,394.2,_bmad-output/specs/spec-corporate-portal-poc/stack.md VNet-injected with a NAT gateway,"Azure Retail Prices API, NAT Gateway / Standard Gateway, Global, USD per 1 Hour, meterId ae30040a-67f5-485b-b0f4-a6ef50504d9c, fetched 2026-09-30"
corportal-portfolio,USD,item,Test,NAT gateway data processed,NAT Gateway,Standard data processed,12,0.04,0.31,1.35,16.2,_bmad-output/specs/spec-corporate-portal-poc/stack.md VNet-injected with a NAT gateway,"Azure Retail Prices API, NAT Gateway / Standard Data Processed, Global, USD per 1 GB, meterId d32b6352-b66b-4c4c-8f21-60e94058e04d, fetched 2026-09-30"
corportal-portfolio,USD,item,Test,Kong ingress load balancer,Load Balancer,Standard,12,0.6,4.2,18.25,219.0,_bmad-output/specs/spec-corporate-portal-poc/stack.md Kong OSS as the API gateway (ingress),"Azure Retail Prices API, Load Balancer / Standard Included LB Rules and Outbound Rules, Global, USD per 1 Hour, meterId 27827eb0-7f60-4928-940b-f5fe15e7a4cb, fetched 2026-09-30"
corportal-portfolio,USD,item,Test,Ingress public IPs,Virtual Network,Standard IPv4 static,12,0.12,0.84,3.65,43.8,_bmad-output/specs/spec-corporate-portal-poc/stack.md Kong OSS as the API gateway (ingress),"Azure Retail Prices API, IP Addresses / Standard IPv4 Static Public IP, westus3, USD per 1 Hour, meterId 9c150bf9-2bad-430e-a53c-c213804f49ef, fetched 2026-09-30"
corportal-portfolio,USD,environment total,Test,,,,12,8.96,62.75,272.67,3272.09,,
corportal-portfolio,USD,item,UAT,AKS uptime SLA,Azure Kubernetes Service,Standard tier,12,2.4,16.8,73.0,876.0,_bmad-output/specs/spec-corporate-portal-poc/stack.md AKS with Node Auto Provisioning,"Azure Retail Prices API, Azure Kubernetes Service / Standard Uptime SLA, westus3, USD per 1 Hour, meterId 251a08e1-40d6-48e6-8368-4c3e5ee3bbff, fetched 2026-09-30"
corportal-portfolio,USD,item,UAT,AKS nodes,Virtual Machines,Standard_D4s_v5,12,13.82,96.77,420.48,5045.76,_bmad-output/specs/spec-corporate-portal-poc/stack.md AKS with Node Auto Provisioning,"Azure Retail Prices API, Virtual Machines Dsv5 Series / D4s v5, westus3, USD per 1 Hour, meterId a7d0753e-6fcd-5b61-8b6e-4727c10691a1, fetched 2026-09-30"
corportal-portfolio,USD,item,UAT,Azure SQL ledger (GP 2 vCore),SQL Database,General Purpose Gen5 2 vCore,12,7.31,51.14,222.24,2666.84,"_bmad-output/specs/spec-corporate-portal-poc/stack.md Operational ledger, including payment approval state and an outbox table","Azure Retail Prices API, SQL Database Single/Elastic Pool General Purpose - Compute Gen5 / vCore (2 vCore), westus3, USD per 1 Hour, meterId ed73d792-d844-5a0d-a685-a23c087bd0bc, fetched 2026-09-30"
corportal-portfolio,USD,item,UAT,Azure SQL storage,SQL Database,General Purpose data stored,12,0.38,2.65,11.5,138.0,"_bmad-output/specs/spec-corporate-portal-poc/stack.md Operational ledger, including payment approval state and an outbox table","Azure Retail Prices API, SQL Database Single/Elastic Pool General Purpose - Storage / General Purpose Data Stored, westus3, USD per 1 GB/Month, meterId d59e97de-70e6-5505-8346-fdcbca6938b2, fetched 2026-09-30"
corportal-portfolio,USD,item,UAT,Event Hubs namespace,Event Hubs,"Standard, 1 TU",12,0.72,5.04,21.9,262.8,"_bmad-output/specs/spec-corporate-portal-poc/stack.md Event Hubs Standard (1 TU, 7-day retention)","Azure Retail Prices API, Event Hubs / Standard Throughput Unit, westus3, USD per 1 Hour, meterId 62d94a65-9300-48a6-8c15-0e70fc41eb44, fetched 2026-09-30"
corportal-portfolio,USD,item,UAT,Databricks jobs compute (DBU),Azure Databricks,Premium Jobs Compute,12,1.18,8.28,36.0,432.0,_bmad-output/specs/spec-corporate-portal-poc/stack.md Databricks Premium:,"Azure Retail Prices API, Azure Databricks / Premium Jobs Compute DBU, westus3, USD per 1 Hour, meterId 8ee07b23-82ae-430e-a417-a050463ff4ee, fetched 2026-09-30"
corportal-portfolio,USD,item,UAT,Databricks cluster VM,Virtual Machines,Standard_D4s_v5,12,0.76,5.3,23.04,276.48,_bmad-output/specs/spec-corporate-portal-poc/stack.md Databricks Premium:,"Azure Retail Prices API, Virtual Machines Dsv5 Series / D4s v5, westus3, USD per 1 Hour, meterId a7d0753e-6fcd-5b61-8b6e-4727c10691a1, fetched 2026-09-30"
corportal-portfolio,USD,item,UAT,Data lake (ADLS Gen2),Storage,"Hot ZRS, hierarchical namespace",12,0.38,2.65,11.5,138.0,_bmad-output/specs/spec-corporate-portal-poc/stack.md Medallion: ADLS Gen2,"Azure Retail Prices API, Azure Data Lake Storage Gen2 Hierarchical Namespace / Hot ZRS Data Stored, westus3, USD per 1 GB/Month, meterId 65f37adb-2a94-5d80-80e8-8a0bcd54d1aa, fetched 2026-09-30"
corportal-portfolio,USD,item,UAT,Key Vault operations,Key Vault,Standard,12,0.06,0.41,1.8,21.6,_bmad-output/specs/spec-corporate-portal-poc/stack.md HashiCorp Vault for app secrets,"Azure Retail Prices API, Key Vault / Operations (Standard), westus3, USD per 10K, meterId 0f824807-2376-435c-95c9-f992b67a07b0, fetched 2026-09-30"
corportal-portfolio,USD,item,UAT,Front Door,Azure Front Door Service,Standard base fee,12,1.15,8.05,35.0,420.0,_bmad-output/specs/spec-corporate-portal-poc/stack.md Front Door Standard,"Azure Retail Prices API, Azure Front Door / Standard Base Fees, Zone 1, USD per 1/Month, meterId 7e3eab72-0b95-5524-984a-d1697f73feee, fetched 2026-09-30"
corportal-portfolio,USD,item,UAT,Log Analytics ingestion,Log Analytics,Analytics Logs,12,1.13,7.94,34.5,414.0,"assumption: AKS and SQL diagnostics, ~15 GB a month billed; synthetic portfolio figure, owner request 2026-09-30","Azure Retail Prices API, Log Analytics / Analytics Logs Data Ingestion (above the 5 GB free tier), westus3, USD per 1 GB, meterId ffbd06c0-e72e-42b6-b612-f03144b476df, fetched 2026-09-30"
corportal-portfolio,USD,item,UAT,Private endpoints,Virtual Network,Standard Private Endpoint,12,0.96,6.72,29.2,350.4,"_bmad-output/specs/spec-corporate-portal-poc/stack.md Private endpoints: ADLS, SQL, Key Vault and Event Hubs","Azure Retail Prices API, Virtual Network Private Link / Standard Private Endpoint, Global, USD per 1 Hour, meterId e6ab7238-e433-4fe0-a2b2-2b2564df2cdb, fetched 2026-09-30"
corportal-portfolio,USD,item,UAT,Private endpoint data processed,Virtual Network,Private Link data processed,12,0.05,0.35,1.5,18.0,"_bmad-output/specs/spec-corporate-portal-poc/stack.md Private endpoints: ADLS, SQL, Key Vault and Event Hubs","Azure Retail Prices API, Virtual Network Private Link / Standard Data Processed - Ingress, Global, USD per 1 GB, meterId 10caa28b-6479-4852-9eb7-610870cb6417, fetched 2026-09-30"
corportal-portfolio,USD,item,UAT,Private DNS zones,Azure DNS,Private Zone,12,0.07,0.46,2.0,24.0,"_bmad-output/specs/spec-corporate-portal-poc/stack.md Private endpoints: ADLS, SQL, Key Vault and Event Hubs","Azure Retail Prices API, Azure DNS / Private Zone, Zone 1, USD per 1, meterId 0b608a26-f611-4232-8192-ce81b6b57194, fetched 2026-09-30"
corportal-portfolio,USD,item,UAT,NAT gateway (Databricks egress),NAT Gateway,Standard,12,1.08,7.56,32.85,394.2,_bmad-output/specs/spec-corporate-portal-poc/stack.md VNet-injected with a NAT gateway,"Azure Retail Prices API, NAT Gateway / Standard Gateway, Global, USD per 1 Hour, meterId ae30040a-67f5-485b-b0f4-a6ef50504d9c, fetched 2026-09-30"
corportal-portfolio,USD,item,UAT,NAT gateway data processed,NAT Gateway,Standard data processed,12,0.09,0.62,2.7,32.4,_bmad-output/specs/spec-corporate-portal-poc/stack.md VNet-injected with a NAT gateway,"Azure Retail Prices API, NAT Gateway / Standard Data Processed, Global, USD per 1 GB, meterId d32b6352-b66b-4c4c-8f21-60e94058e04d, fetched 2026-09-30"
corportal-portfolio,USD,item,UAT,Kong ingress load balancer,Load Balancer,Standard,12,0.6,4.2,18.25,219.0,_bmad-output/specs/spec-corporate-portal-poc/stack.md Kong OSS as the API gateway (ingress),"Azure Retail Prices API, Load Balancer / Standard Included LB Rules and Outbound Rules, Global, USD per 1 Hour, meterId 27827eb0-7f60-4928-940b-f5fe15e7a4cb, fetched 2026-09-30"
corportal-portfolio,USD,item,UAT,Ingress public IPs,Virtual Network,Standard IPv4 static,12,0.12,0.84,3.65,43.8,_bmad-output/specs/spec-corporate-portal-poc/stack.md Kong OSS as the API gateway (ingress),"Azure Retail Prices API, IP Addresses / Standard IPv4 Static Public IP, westus3, USD per 1 Hour, meterId 9c150bf9-2bad-430e-a53c-c213804f49ef, fetched 2026-09-30"
corportal-portfolio,USD,environment total,UAT,,,,12,32.26,225.79,981.11,11773.28,,
corportal-portfolio,USD,item,Prod,"AKS uptime SLA, both regions",Azure Kubernetes Service,Standard tier,12,4.8,33.6,146.0,1752.0,_bmad-output/specs/spec-corporate-portal-poc/stack.md AKS with Node Auto Provisioning,"Azure Retail Prices API, Azure Kubernetes Service / Standard Uptime SLA, westus3, USD per 1 Hour, meterId 251a08e1-40d6-48e6-8368-4c3e5ee3bbff, fetched 2026-09-30"
corportal-portfolio,USD,item,Prod,"AKS system nodes, West US 3",Virtual Machines,Standard_D4s_v5,12,13.82,96.77,420.48,5045.76,_bmad-output/specs/spec-corporate-portal-poc/stack.md AKS with Node Auto Provisioning,"Azure Retail Prices API, Virtual Machines Dsv5 Series / D4s v5, westus3, USD per 1 Hour, meterId a7d0753e-6fcd-5b61-8b6e-4727c10691a1, fetched 2026-09-30"
corportal-portfolio,USD,item,Prod,"AKS service nodes, West US 3",Virtual Machines,Standard_D8s_v5,12,27.65,193.54,840.96,10091.52,_bmad-output/specs/spec-corporate-portal-poc/stack.md AKS with Node Auto Provisioning,"Azure Retail Prices API, Virtual Machines Dsv5 Series / D8s v5, westus3, USD per 1 Hour, meterId 78f46250-07b1-5b70-be7a-54b964dcf1c2, fetched 2026-09-30"
corportal-portfolio,USD,item,Prod,"AKS nodes, North Central US",Virtual Machines,Standard_D4s_v5,12,13.82,96.77,420.48,5045.76,_bmad-output/specs/spec-corporate-portal-poc/stack.md the same Terraform module applied to North Central US,"Azure Retail Prices API, Virtual Machines Dsv5 Series / D4s v5, northcentralus, USD per 1 Hour, meterId f85b750a-42a9-5bd6-aea5-dea01bb8fcfb, fetched 2026-09-30"
corportal-portfolio,USD,item,Prod,Azure SQL ledger primary (GP 4 vCore),SQL Database,General Purpose Gen5 4 vCore,12,14.61,102.29,444.47,5333.68,"_bmad-output/specs/spec-corporate-portal-poc/stack.md Operational ledger, including payment approval state and an outbox table","Azure Retail Prices API, SQL Database Single/Elastic Pool General Purpose - Compute Gen5 / vCore (4 vCore), westus3, USD per 1 Hour, meterId ed73d792-d844-5a0d-a685-a23c087bd0bc, fetched 2026-09-30"
corportal-portfolio,USD,item,Prod,"Azure SQL geo-secondary, North Central US",SQL Database,General Purpose Gen5 4 vCore,12,14.61,102.29,444.47,5333.68,_bmad-output/specs/spec-corporate-portal-poc/stack.md `enable_sql_failover` flag,"Azure Retail Prices API, SQL Database Single/Elastic Pool General Purpose - Compute Gen5 / vCore (4 vCore), northcentralus, USD per 1 Hour, meterId d6a98653-89d1-4981-a1bd-f44dcfd14fa2, fetched 2026-09-30"
corportal-portfolio,USD,item,Prod,"Azure SQL storage, both regions",SQL Database,General Purpose data stored,12,1.89,13.23,57.5,690.0,"_bmad-output/specs/spec-corporate-portal-poc/stack.md Operational ledger, including payment approval state and an outbox table","Azure Retail Prices API, SQL Database Single/Elastic Pool General Purpose - Storage / General Purpose Data Stored, westus3, USD per 1 GB/Month, meterId d59e97de-70e6-5505-8346-fdcbca6938b2, fetched 2026-09-30"
corportal-portfolio,USD,item,Prod,Event Hubs throughput units,Event Hubs,Standard,12,1.44,10.08,43.8,525.6,"_bmad-output/specs/spec-corporate-portal-poc/stack.md Event Hubs Standard (1 TU, 7-day retention)","Azure Retail Prices API, Event Hubs / Standard Throughput Unit, westus3, USD per 1 Hour, meterId 62d94a65-9300-48a6-8c15-0e70fc41eb44, fetched 2026-09-30"
corportal-portfolio,USD,item,Prod,Event Hubs ingress events,Event Hubs,Standard ingress,12,0.03,0.19,0.84,10.08,"_bmad-output/specs/spec-corporate-portal-poc/stack.md Event Hubs Standard (1 TU, 7-day retention)","Azure Retail Prices API, Event Hubs / Standard Ingress Events, westus3, USD per 1M, meterId d0a685ee-f093-4c5c-ba76-3ec342a75de7, fetched 2026-09-30"
corportal-portfolio,USD,item,Prod,Databricks jobs compute (DBU),Azure Databricks,Premium Jobs Compute,12,7.2,50.4,219.0,2628.0,_bmad-output/specs/spec-corporate-portal-poc/stack.md Databricks Premium:,"Azure Retail Prices API, Azure Databricks / Premium Jobs Compute DBU, westus3, USD per 1 Hour, meterId 8ee07b23-82ae-430e-a417-a050463ff4ee, fetched 2026-09-30"
corportal-portfolio,USD,item,Prod,Databricks cluster VMs,Virtual Machines,Standard_D4s_v5,12,4.61,32.26,140.16,1681.92,_bmad-output/specs/spec-corporate-portal-poc/stack.md Databricks Premium:,"Azure Retail Prices API, Virtual Machines Dsv5 Series / D4s v5, westus3, USD per 1 Hour, meterId a7d0753e-6fcd-5b61-8b6e-4727c10691a1, fetched 2026-09-30"
corportal-portfolio,USD,item,Prod,Data lake (ADLS Gen2),Storage,"Hot GRS, hierarchical namespace",12,2.42,16.94,73.6,883.2,_bmad-output/specs/spec-corporate-portal-poc/stack.md Medallion: ADLS Gen2,"Azure Retail Prices API, Azure Data Lake Storage Gen2 Hierarchical Namespace / Hot GRS Data Stored, westus3, USD per 1 GB/Month, meterId 8b94aff2-e31b-5a24-8828-34951d2ced75, fetched 2026-09-30"
corportal-portfolio,USD,item,Prod,Key Vault operations,Key Vault,Standard,12,0.3,2.07,9.0,108.0,_bmad-output/specs/spec-corporate-portal-poc/stack.md HashiCorp Vault for app secrets,"Azure Retail Prices API, Key Vault / Operations (Standard), westus3, USD per 10K, meterId 0f824807-2376-435c-95c9-f992b67a07b0, fetched 2026-09-30"
corportal-portfolio,USD,item,Prod,Front Door,Azure Front Door Service,Standard base fee,12,1.15,8.05,35.0,420.0,_bmad-output/specs/spec-corporate-portal-poc/stack.md Front Door Standard,"Azure Retail Prices API, Azure Front Door / Standard Base Fees, Zone 1, USD per 1/Month, meterId 7e3eab72-0b95-5524-984a-d1697f73feee, fetched 2026-09-30"
corportal-portfolio,USD,item,Prod,Front Door data transfer out,Azure Front Door Service,Standard data transfer out,12,1.08,7.59,33.0,396.0,_bmad-output/specs/spec-corporate-portal-poc/stack.md Front Door Standard,"Azure Retail Prices API, Azure Front Door / Standard Data Transfer Out, Zone 1, USD per 1 GB, meterId 79b4d346-f8f7-55fe-8375-5943ea4e697c, fetched 2026-09-30"
corportal-portfolio,USD,item,Prod,Log Analytics ingestion,Log Analytics,Analytics Logs,12,4.54,31.76,138.0,1656.0,"assumption: AKS, SQL, Front Door and audit diagnostics, ~60 GB a month billed; synthetic portfolio figure, owner request 2026-09-30","Azure Retail Prices API, Log Analytics / Analytics Logs Data Ingestion (above the 5 GB free tier), westus3, USD per 1 GB, meterId ffbd06c0-e72e-42b6-b612-f03144b476df, fetched 2026-09-30"
corportal-portfolio,USD,item,Prod,Private endpoints,Virtual Network,Standard Private Endpoint,12,1.92,13.44,58.4,700.8,"_bmad-output/specs/spec-corporate-portal-poc/stack.md Private endpoints: ADLS, SQL, Key Vault and Event Hubs","Azure Retail Prices API, Virtual Network Private Link / Standard Private Endpoint, Global, USD per 1 Hour, meterId e6ab7238-e433-4fe0-a2b2-2b2564df2cdb, fetched 2026-09-30"
corportal-portfolio,USD,item,Prod,Private endpoint data processed,Virtual Network,Private Link data processed,12,0.26,1.84,8.0,96.0,"_bmad-output/specs/spec-corporate-portal-poc/stack.md Private endpoints: ADLS, SQL, Key Vault and Event Hubs","Azure Retail Prices API, Virtual Network Private Link / Standard Data Processed - Ingress, Global, USD per 1 GB, meterId 10caa28b-6479-4852-9eb7-610870cb6417, fetched 2026-09-30"
corportal-portfolio,USD,item,Prod,Private DNS zones,Azure DNS,Private Zone,12,0.07,0.46,2.0,24.0,"_bmad-output/specs/spec-corporate-portal-poc/stack.md Private endpoints: ADLS, SQL, Key Vault and Event Hubs","Azure Retail Prices API, Azure DNS / Private Zone, Zone 1, USD per 1, meterId 0b608a26-f611-4232-8192-ce81b6b57194, fetched 2026-09-30"
corportal-portfolio,USD,item,Prod,NAT gateway (Databricks egress),NAT Gateway,Standard,12,1.08,7.56,32.85,394.2,_bmad-output/specs/spec-corporate-portal-poc/stack.md VNet-injected with a NAT gateway,"Azure Retail Prices API, NAT Gateway / Standard Gateway, Global, USD per 1 Hour, meterId ae30040a-67f5-485b-b0f4-a6ef50504d9c, fetched 2026-09-30"
corportal-portfolio,USD,item,Prod,NAT gateway data processed,NAT Gateway,Standard data processed,12,0.44,3.11,13.5,162.0,_bmad-output/specs/spec-corporate-portal-poc/stack.md VNet-injected with a NAT gateway,"Azure Retail Prices API, NAT Gateway / Standard Data Processed, Global, USD per 1 GB, meterId d32b6352-b66b-4c4c-8f21-60e94058e04d, fetched 2026-09-30"
corportal-portfolio,USD,item,Prod,Kong ingress load balancer,Load Balancer,Standard,12,1.2,8.4,36.5,438.0,_bmad-output/specs/spec-corporate-portal-poc/stack.md Kong OSS as the API gateway (ingress),"Azure Retail Prices API, Load Balancer / Standard Included LB Rules and Outbound Rules, Global, USD per 1 Hour, meterId 27827eb0-7f60-4928-940b-f5fe15e7a4cb, fetched 2026-09-30"
corportal-portfolio,USD,item,Prod,Ingress public IPs,Virtual Network,Standard IPv4 static,12,0.36,2.52,10.95,131.4,_bmad-output/specs/spec-corporate-portal-poc/stack.md Kong OSS as the API gateway (ingress),"Azure Retail Prices API, IP Addresses / Standard IPv4 Static Public IP, westus3, USD per 1 Hour, meterId 9c150bf9-2bad-430e-a53c-c213804f49ef, fetched 2026-09-30"
corportal-portfolio,USD,environment total,Prod,,,,12,119.31,835.16,3628.97,43547.61,,
corportal-portfolio,USD,total,,,,,,166.89,1168.25,5076.32,60915.82,,
